Stations,URL
GPB Radio,https://gpb.streamguys1.com/oom/gpb-radio-mp3
The Ideas Network,https://wpr-ice.streamguys1.com/wpr-ideas-mp3-64
MPR News,https://nis.stream.publicradio.org/nis.aac
Oregon Public Broadcasting,http://stream1.opb.org/radio.mp3
Utah Public Radio,http://uprxstreamer.usu.edu:8000/stream
Vermont Public Radio,http://vpr.streamguys.net/vpr64.mp3
WUNC,https://edg-iad-wunc-ice.streamguys1.com/wunc-128-mp3
Yellowstone Public Radio,https://ypr.streamguys1.com/live
NOAA: Miami FL,https://wxradio.org/FL-Miami-KHB34
NOAA: Atlanta GA,https://wxradio.org/GA-Atlanta-KEC80
NOAA: Boise ID,https://wxradio.org/ID-Boise-WXK68
NOAA: Indianapolis IN,https://wxradio.org/IN-Indianapolis-KEC74
NOAA: Minneapolis/St. Paul MN,https://www.urberg.net/tim273/edina
NOAA: Lincoln NE,https://wxradio.org/NE-Lincoln-WXM20-alt1
NOAA: Philadelphia PA,https://wxradio.org/PA-Philadelphia-KIH28
NOAA: Pittsburgh PA,https://wxradio.org/PA-Pittsburgh-KIH35
NOAA: Austin TX,https://wxradio.org/TX-Austin-WXK27
NOAA: Dallas TX,https://wxradio.org/TX-Dallas-KEC56
NOAA: San Antonio TX,https://wxradio.org/TX-SanAntonio-WXK67
Alabama Jazz Hall Radio,https://ice7.securenetsystems.net/WVSU
Jazz 91.9,https://22223.live.streamtheworld.com/WCLKFM_SC
Mainstream Jazz 91.9-HD2,https://24293.live.streamtheworld.com/WCLKHD2_SC
Jazzy 88 WFSK,https://backbonenetworks.streamguys1.com/fiskradio.mp3
New Orleans WWOZ 90.7 FM,https://wwoz-sc.streamguys1.com/wwoz-hi.mp3
Seabreeze 106.3,https://i1.stretchinternet.com/wsbz
106.3 Smooth FM WEIB,http://crystalout.surfernetwork.com:8001/WEIB-FM_MP3
WANT Real Country FM 98.9,http://peridot.streamguys.com:7590/live-mp3
650 AM WSM,https://stream01048.westreamradio.com/wsm-am-mp3
101.5 The Mountain,https://ice23.securenetsystems.net/WBZS
Rewind 103.9,https://ice66.securenetsystems.net/WHTU
